Day,Campaign,Campaign type,Ad,Impressions,Clicks,Cost,Views,Video played to 100%,Gmail clicks to website
01/23/2018,FY2018_YouTube,Video,Lauren_15s,"1,336",1,42.41,279,21.17%,0
01/16/2018,FY2018_YouTube,Video,Lauren_15s,"1,491",0,42.01,343,23.12%,0
02/04/2018,FY2018_YouTube,Video,Lauren_15s,"1,456",0,37.88,331,22.87%,0
02/10/2018,FY2018_YouTube,Video,Nate_30s,198,0,8.43,52,26.26%,0
02/25/2018,FY2018_YouTube,Video,Veronica_30s,47,0,1.63,13,27.66%,0
03/02/2018,FY2018_YouTube,Video,Lauren_15s,"1,198",0,39.85,351,29.22%,0
03/21/2018,FY2018_YouTube,Video,Lauren_15s,"1,206",0,34.58,297,24.86%,0
02/26/2018,FY2018_YouTube,Video,Nate_30s,200,0,5.53,63,32.00%,0
03/05/2018,FY2018_YouTube,Video,Nate_30s,168,0,7.8,56,32.14%,0
03/06/2018,FY2018_YouTube,Video,Lauren_15s,"1,375",0,35.37,350,25.44%,0
03/17/2018,FY2018_YouTube,Video,Veronica_30s,19,1,0.89,6,26.32%,0
03/19/2018,FY2018_YouTube,Video,Nate_30s,158,0,8.96,34,20.89%,0
03/27/2018,FY2018_YouTube,Video,Veronica_30s,38,0,0.73,12,28.95%,0
04/03/2018,FY2018_YouTube,Video,Lauren_15s,"1,173",0,41.59,319,27.28%,0
01/04/2018,FY2018_YouTube,Video,Veronica_30s,14,0,1.56,2,14.29%,0
01/10/2018,FY2018_YouTube,Video,Lauren_15s,"1,056",1,41.28,270,25.40%,0
01/11/2018,FY2018_YouTube,Video,Lauren_15s,"1,189",0,35.97,282,24.03%,0
01/12/2018,FY2018_YouTube,Video,Lauren_15s,"1,507",1,38.32,327,21.55%,0
01/29/2018,FY2018_YouTube,Video,Lauren_15s,"1,309",2,40.48,303,23.22%,0
02/02/2018,FY2018_YouTube,Video,Nate_30s,178,0,4.54,49,27.53%,0
02/14/2018,FY2018_YouTube,Video,Veronica_30s,43,0,0.64,8,18.60%,0
02/18/2018,FY2018_YouTube,Video,Nate_30s,194,1,4.12,61,30.93%,0
02/19/2018,FY2018_YouTube,Video,Veronica_30s,38,0,3.98,12,30.77%,0
02/20/2018,FY2018_YouTube,Video,Nate_30s,242,0,6.67,75,30.99%,0
02/22/2018,FY2018_YouTube,Video,Lauren_15s,"1,287",1,39.34,314,24.32%,0
02/24/2018,FY2018_YouTube,Video,Lauren_15s,"1,011",0,36.85,274,27.16%,0
03/03/2018,FY2018_YouTube,Video,Lauren_15s,"1,216",0,41.44,314,26.15%,0
03/08/2018,FY2018_YouTube,Video,Nate_30s,167,0,5.76,49,30.72%,0
03/09/2018,FY2018_YouTube,Video,Nate_30s,160,0,5.76,42,26.25%,0
03/30/2018,FY2018_YouTube,Video,Veronica_30s,28,0,0.86,4,14.29%,0
04/16/2018,FY2018_YouTube,Video,Lauren_15s,"1,388",0,39.75,307,22.05%,0
04/23/2018,FY2018_YouTube,Video,Nate_30s,196,0,3.96,57,29.08%,0
04/28/2018,FY2018_YouTube,Video,Nate_30s,207,1,3.65,58,28.64%,0
05/28/2018,FY2018_YouTube,Video,Lauren_15s,"1,375",0,38.92,301,21.89%,0
05/08/2018,FY2018_YouTube,Video,Nate_30s,171,0,5.21,55,32.16%,0
06/18/2018,FY2018_YouTube,Video,Lauren_15s,"1,176",0,49.21,276,23.57%,0
06/22/2018,FY2018_YouTube,Video,Veronica_30s,38,0,2.29,10,26.32%,0
03/31/2018,FY2018_YouTube,Video,Veronica_30s,26,0,0.78,4,14.81%,0
04/03/2018,FY2018_YouTube,Video,Nate_30s,131,0,4.7,40,30.53%,0
04/06/2018,FY2018_YouTube,Video,Nate_30s,211,0,7.17,51,24.76%,0
04/09/2018,FY2018_YouTube,Video,Nate_30s,146,0,2.95,49,33.56%,0
05/05/2018,FY2018_YouTube,Video,Nate_30s,262,0,7.43,77,29.39%,0
05/09/2018,FY2018_YouTube,Video,Lauren_15s,"1,235",0,39.85,296,23.87%,0
05/13/2018,FY2018_YouTube,Video,Veronica_30s,33,0,1.15,9,27.27%,0
05/16/2018,FY2018_YouTube,Video,Veronica_30s,11,0,1.4,5,45.45%,0
05/29/2018,FY2018_YouTube,Video,Veronica_30s,37,0,1.92,7,18.92%,0
06/01/2018,FY2018_YouTube,Video,Nate_30s,146,0,4.32,39,26.03%,0
06/04/2018,FY2018_YouTube,Video,Nate_30s,141,0,3.99,42,29.08%,0
06/07/2018,FY2018_YouTube,Video,Lauren_15s,"1,473",0,46.5,352,23.91%,0
06/08/2018,FY2018_YouTube,Video,Veronica_30s,65,0,3.4,16,24.24%,0
06/17/2018,FY2018_YouTube,Video,Nate_30s,105,0,3.51,29,27.62%,0
06/30/2018,FY2018_YouTube,Video,Nate_30s,107,0,5.22,38,31.63%,0
01/12/2018,FY2018_YouTube,Video,Nate_30s,207,1,7.49,56,26.09%,0
02/09/2018,FY2018_YouTube,Video,Veronica_30s,58,0,1.71,11,18.97%,0
03/04/2018,FY2018_YouTube,Video,Veronica_30s,44,0,1.52,12,27.27%,0
03/09/2018,FY2018_YouTube,Video,Veronica_30s,65,0,2.21,14,20.00%,0
03/13/2018,FY2018_YouTube,Video,Veronica_30s,44,0,0.5,10,22.73%,0
03/17/2018,FY2018_YouTube,Video,Lauren_15s,999,0,36.86,279,27.87%,0
05/15/2018,FY2018_YouTube,Video,Nate_30s,140,0,6.27,39,27.86%,0
06/19/2018,FY2018_YouTube,Video,Veronica_30s,40,0,0.13,5,15.00%,0
06/25/2018,FY2018_YouTube,Video,Veronica_30s,40,0,0.77,8,20.51%,0
06/30/2018,FY2018_YouTube,Video,Lauren_15s,"1,023",0,43.3,292,28.50%,0
01/26/2018,FY2018_YouTube,Video,Lauren_15s,"1,161",0,43.02,243,21.08%,0
02/01/2018,FY2018_YouTube,Video,Nate_30s,211,0,4.61,51,24.64%,0
02/01/2018,FY2018_YouTube,Video,Veronica_30s,51,0,1.88,11,21.57%,0
02/05/2018,FY2018_YouTube,Video,Lauren_15s,"1,267",0,41.29,321,25.39%,0
02/06/2018,FY2018_YouTube,Video,Lauren_15s,"1,233",0,39.1,315,25.71%,0
02/17/2018,FY2018_YouTube,Video,Nate_30s,252,0,7.28,69,26.98%,0
03/11/2018,FY2018_YouTube,Video,Lauren_15s,"1,336",2,37.65,304,22.81%,0
03/25/2018,FY2018_YouTube,Video,Veronica_30s,36,0,0.35,7,22.22%,0
03/28/2018,FY2018_YouTube,Video,Lauren_15s,"1,091",0,34.72,278,25.48%,0
03/30/2018,FY2018_YouTube,Video,Nate_30s,193,0,8.34,56,28.50%,0
04/05/2018,FY2018_YouTube,Video,Lauren_15s,"1,465",1,35.77,332,22.81%,0
04/06/2018,FY2018_YouTube,Video,Lauren_15s,"1,413",0,36.76,346,24.63%,0
04/11/2018,FY2018_YouTube,Video,Veronica_30s,56,0,1.56,13,22.81%,0
04/27/2018,FY2018_YouTube,Video,Veronica_30s,66,0,0.92,11,16.67%,0
04/29/2018,FY2018_YouTube,Video,Veronica_30s,49,0,1.15,9,18.37%,0
05/21/2018,FY2018_YouTube,Video,Veronica_30s,66,0,2.86,10,15.38%,0
06/21/2018,FY2018_YouTube,Video,Lauren_15s,"1,155",0,41.26,275,24.00%,0
01/06/2018,FY2018_YouTube,Video,Veronica_30s,30,0,0.78,5,16.67%,0
01/07/2018,FY2018_YouTube,Video,Veronica_30s,30,0,0.43,3,10.00%,0
01/29/2018,FY2018_YouTube,Video,Nate_30s,178,0,4.71,57,32.02%,0
02/06/2018,FY2018_YouTube,Video,Veronica_30s,36,0,2.52,5,13.89%,0
02/08/2018,FY2018_YouTube,Video,Nate_30s,245,0,7.8,58,23.27%,0
02/14/2018,FY2018_YouTube,Video,Nate_30s,207,0,10.86,74,35.27%,0
02/15/2018,FY2018_YouTube,Video,Nate_30s,242,0,10.72,77,31.82%,0
02/21/2018,FY2018_YouTube,Video,Veronica_30s,44,0,0.89,13,29.55%,0
03/28/2018,FY2018_YouTube,Video,Nate_30s,130,0,5.37,41,32.31%,0
04/05/2018,FY2018_YouTube,Video,Veronica_30s,68,0,1.39,14,22.06%,0
04/07/2018,FY2018_YouTube,Video,Nate_30s,160,1,6.9,44,25.62%,0
04/08/2018,FY2018_YouTube,Video,Veronica_30s,43,0,0.37,5,11.63%,0
01/09/2018,FY2018_YouTube,Video,Nate_30s,185,0,5.71,61,32.43%,0
01/13/2018,FY2018_YouTube,Video,Nate_30s,136,0,2.89,42,30.88%,0
01/26/2018,FY2018_YouTube,Video,Veronica_30s,40,0,1.66,15,37.50%,0
02/12/2018,FY2018_YouTube,Video,Lauren_15s,585,0,17.94,167,29.06%,0
02/13/2018,FY2018_YouTube,Video,Nate_30s,186,0,7.73,49,26.34%,0
02/20/2018,FY2018_YouTube,Video,Veronica_30s,49,0,1.06,13,26.53%,0
03/14/2018,FY2018_YouTube,Video,Lauren_15s,969,0,36.03,262,27.19%,0
03/18/2018,FY2018_YouTube,Video,Veronica_30s,30,1,1.59,7,20.00%,0
03/22/2018,FY2018_YouTube,Video,Lauren_15s,"1,154",0,40.59,298,25.87%,0
03/30/2018,FY2018_YouTube,Video,Lauren_15s,"1,215",0,35.93,271,22.41%,0
04/10/2018,FY2018_YouTube,Video,Nate_30s,173,1,6.36,51,28.90%,0
04/20/2018,FY2018_YouTube,Video,Veronica_30s,49,0,1.49,15,30.61%,0
04/30/2018,FY2018_YouTube,Video,Veronica_30s,83,0,1.51,20,24.10%,0
05/07/2018,FY2018_YouTube,Video,Veronica_30s,51,0,0.88,7,13.73%,0
05/14/2018,FY2018_YouTube,Video,Nate_30s,175,0,5.98,41,24.58%,0
05/14/2018,FY2018_YouTube,Video,Lauren_15s,"1,392",0,35.69,314,22.94%,0
05/16/2018,FY2018_YouTube,Video,Nate_30s,22,0,0.72,13,59.09%,0
05/23/2018,FY2018_YouTube,Video,Lauren_15s,"1,233",1,45.13,332,26.60%,0
05/24/2018,FY2018_YouTube,Video,Lauren_15s,"1,095",1,46,295,26.97%,0
05/27/2018,FY2018_YouTube,Video,Nate_30s,144,1,5.47,44,30.56%,0
05/29/2018,FY2018_YouTube,Video,Lauren_15s,"1,376",0,47.65,367,26.90%,0
05/30/2018,FY2018_YouTube,Video,Nate_30s,157,0,5.61,36,22.78%,0
01/01/2018,FY2018_YouTube,Video,Lauren_15s,"1,331",2,41.61,223,16.40%,0
01/05/2018,FY2018_YouTube,Video,Nate_30s,161,0,5.41,27,16.15%,0
01/09/2018,FY2018_YouTube,Video,Lauren_15s,"1,362",1,38.68,310,22.60%,0
02/10/2018,FY2018_YouTube,Video,Veronica_30s,60,0,1.93,17,28.33%,0
06/06/2018,FY2018_YouTube,Video,Veronica_30s,48,0,2.95,11,22.92%,0
06/20/2018,FY2018_YouTube,Video,Lauren_15s,"1,011",1,41.49,258,25.42%,0
06/23/2018,FY2018_YouTube,Video,Nate_30s,128,0,4.66,49,38.28%,0
06/27/2018,FY2018_YouTube,Video,Veronica_30s,34,0,2.61,9,26.47%,0
02/16/2018,FY2018_YouTube,Video,Lauren_15s,"1,473",0,37.43,343,23.47%,0
02/28/2018,FY2018_YouTube,Video,Lauren_15s,"1,097",0,33.5,269,24.64%,0
03/05/2018,FY2018_YouTube,Video,Veronica_30s,32,0,0.79,6,15.62%,0
03/06/2018,FY2018_YouTube,Video,Nate_30s,192,0,7.51,61,31.77%,0
03/23/2018,FY2018_YouTube,Video,Veronica_30s,28,0,0.55,11,37.14%,0
04/02/2018,FY2018_YouTube,Video,Veronica_30s,38,0,1.07,9,23.68%,0
04/04/2018,FY2018_YouTube,Video,Nate_30s,173,0,3.46,50,28.90%,0
04/11/2018,FY2018_YouTube,Video,Lauren_15s,"1,427",3,38.09,335,23.42%,0
04/13/2018,FY2018_YouTube,Video,Lauren_15s,"1,393",0,35.42,285,20.39%,0
04/18/2018,FY2018_YouTube,Video,Nate_30s,149,0,3.16,39,27.03%,0
04/21/2018,FY2018_YouTube,Video,Lauren_15s,"1,387",1,35.94,319,22.97%,0
04/24/2018,FY2018_YouTube,Video,Nate_30s,206,0,5.6,47,23.30%,0
04/25/2018,FY2018_YouTube,Video,Veronica_30s,53,0,2.17,13,25.00%,0
01/04/2018,FY2018_YouTube,Video,Nate_30s,114,0,2.96,17,14.91%,0
01/08/2018,FY2018_YouTube,Video,Veronica_30s,28,0,0.89,4,14.29%,0
01/13/2018,FY2018_YouTube,Video,Lauren_15s,"1,204",1,42.56,271,22.66%,0
02/02/2018,FY2018_YouTube,Video,Veronica_30s,42,0,2.83,17,40.48%,0
02/03/2018,FY2018_YouTube,Video,Lauren_15s,"1,569",1,37.4,339,21.46%,0
02/04/2018,FY2018_YouTube,Video,Nate_30s,228,0,6.27,52,22.81%,0
02/07/2018,FY2018_YouTube,Video,Veronica_30s,35,0,0.02,1,2.86%,0
02/09/2018,FY2018_YouTube,Video,Nate_30s,178,0,7.71,53,29.78%,0
02/11/2018,FY2018_YouTube,Video,Nate_30s,253,0,5.23,70,27.67%,0
02/23/2018,FY2018_YouTube,Video,Lauren_15s,"1,135",0,36.23,307,27.31%,0
01/09/2018,FY2018_YouTube,Video,Veronica_30s,38,0,1.33,8,21.05%,0
01/21/2018,FY2018_YouTube,Video,Veronica_30s,39,0,1.23,12,30.77%,0
01/27/2018,FY2018_YouTube,Video,Lauren_15s,"1,400",0,36.47,288,20.70%,0
02/12/2018,FY2018_YouTube,Video,Veronica_30s,25,0,0.91,9,36.00%,0
01/02/2018,FY2018_YouTube,Video,Veronica_30s,36,0,3,6,16.67%,0
01/07/2018,FY2018_YouTube,Video,Nate_30s,162,0,4.66,23,14.20%,0
01/29/2018,FY2018_YouTube,Video,Veronica_30s,34,1,2.58,9,23.53%,0
02/05/2018,FY2018_YouTube,Video,Veronica_30s,35,0,0.73,6,17.14%,0
02/12/2018,FY2018_YouTube,Video,Nate_30s,68,0,3.58,32,46.38%,0
02/17/2018,FY2018_YouTube,Video,Veronica_30s,38,0,1.22,6,15.79%,0
02/18/2018,FY2018_YouTube,Video,Lauren_15s,"1,305",1,39.4,345,26.42%,0
03/02/2018,FY2018_YouTube,Video,Veronica_30s,34,0,1.33,5,14.71%,0
02/15/2018,FY2018_YouTube,Video,Veronica_30s,61,0,2.27,12,18.03%,0
02/27/2018,FY2018_YouTube,Video,Veronica_30s,28,0,0.72,6,21.43%,0
03/10/2018,FY2018_YouTube,Video,Veronica_30s,64,0,2.43,16,25.00%,0
03/20/2018,FY2018_YouTube,Video,Nate_30s,167,0,3.81,58,34.34%,0
04/16/2018,FY2018_YouTube,Video,Veronica_30s,46,0,0.6,4,6.38%,0
04/26/2018,FY2018_YouTube,Video,Lauren_15s,"1,257",0,42.09,308,24.62%,0
03/05/2018,FY2018_YouTube,Video,Lauren_15s,"1,198",0,39.93,305,25.48%,0
03/24/2018,FY2018_YouTube,Video,Lauren_15s,"1,480",1,37.72,279,18.99%,0
03/31/2018,FY2018_YouTube,Video,Nate_30s,180,0,5.4,51,26.67%,0
04/01/2018,FY2018_YouTube,Video,Veronica_30s,31,0,0.52,7,22.58%,0
04/12/2018,FY2018_YouTube,Video,Nate_30s,177,1,6.86,52,29.38%,0
04/19/2018,FY2018_YouTube,Video,Veronica_30s,41,0,0.24,5,11.90%,0
04/22/2018,FY2018_YouTube,Video,Lauren_15s,"1,362",0,37.06,291,21.37%,0
05/10/2018,FY2018_YouTube,Video,Veronica_30s,59,0,3.11,12,20.34%,0
05/12/2018,FY2018_YouTube,Video,Lauren_15s,"1,475",2,39.47,338,22.88%,0
05/16/2018,FY2018_YouTube,Video,Lauren_15s,186,0,6.85,58,30.48%,0
01/02/2018,FY2018_YouTube,Video,Lauren_15s,"1,076",2,40.92,218,20.09%,0
01/14/2018,FY2018_YouTube,Video,Veronica_30s,32,0,0.14,3,9.38%,0
01/28/2018,FY2018_YouTube,Video,Veronica_30s,26,0,0.13,3,11.54%,0
02/15/2018,FY2018_YouTube,Video,Lauren_15s,"1,251",0,33.53,333,26.64%,0
03/03/2018,FY2018_YouTube,Video,Nate_30s,185,0,3.91,52,28.11%,0
03/07/2018,FY2018_YouTube,Video,Veronica_30s,42,0,2.2,11,23.81%,0
03/14/2018,FY2018_YouTube,Video,Veronica_30s,27,0,1.03,6,22.22%,0
03/15/2018,FY2018_YouTube,Video,Nate_30s,137,0,5.47,52,37.96%,0
03/25/2018,FY2018_YouTube,Video,Lauren_15s,"1,344",0,43.47,315,23.45%,0
03/27/2018,FY2018_YouTube,Video,Lauren_15s,"1,155",0,37.77,291,25.39%,0
03/29/2018,FY2018_YouTube,Video,Veronica_30s,51,0,2.84,6,11.54%,0
03/09/2018,FY2018_YouTube,Video,Lauren_15s,"1,329",0,39.46,320,24.45%,0
03/19/2018,FY2018_YouTube,Video,Veronica_30s,31,0,0.13,2,6.25%,0
03/26/2018,FY2018_YouTube,Video,Lauren_15s,"1,401",0,39.88,317,22.68%,0
04/15/2018,FY2018_YouTube,Video,Veronica_30s,40,0,0.9,6,15.00%,0
04/07/2018,FY2018_YouTube,Video,Lauren_15s,"1,216",1,31.41,300,24.55%,0
04/17/2018,FY2018_YouTube,Video,Lauren_15s,"1,414",1,41.42,347,24.82%,0
04/27/2018,FY2018_YouTube,Video,Lauren_15s,"1,505",0,38.14,355,23.55%,0
04/28/2018,FY2018_YouTube,Video,Lauren_15s,"1,474",0,36.78,339,23.21%,0
01/06/2018,FY2018_YouTube,Video,Nate_30s,164,0,6.21,30,18.29%,0
01/20/2018,FY2018_YouTube,Video,Nate_30s,198,0,4.95,74,36.87%,0
01/21/2018,FY2018_YouTube,Video,Lauren_15s,"1,233",0,36.85,277,22.66%,0
01/23/2018,FY2018_YouTube,Video,Veronica_30s,46,0,1.38,9,19.57%,0
01/24/2018,FY2018_YouTube,Video,Nate_30s,162,0,6.53,43,27.16%,0
02/02/2018,FY2018_YouTube,Video,Lauren_15s,"1,283",0,36.86,311,24.26%,0
02/21/2018,FY2018_YouTube,Video,Lauren_15s,"1,237",0,39.16,322,26.01%,0
02/25/2018,FY2018_YouTube,Video,Lauren_15s,"1,297",0,36.45,328,25.58%,0
02/26/2018,FY2018_YouTube,Video,Veronica_30s,45,0,0.92,10,22.22%,0
04/24/2018,FY2018_YouTube,Video,Veronica_30s,68,0,2.11,12,17.65%,0
05/21/2018,FY2018_YouTube,Video,Lauren_15s,"1,406",0,40.55,301,21.34%,0
05/31/2018,FY2018_YouTube,Video,Veronica_30s,83,0,3.17,20,23.08%,0
06/03/2018,FY2018_YouTube,Video,Veronica_30s,71,0,0.93,10,15.49%,0
04/30/2018,FY2018_YouTube,Video,Nate_30s,217,0,4.36,43,18.31%,0
01/08/2018,FY2018_YouTube,Video,Lauren_15s,"1,174",1,36.92,253,21.55%,0
01/13/2018,FY2018_YouTube,Video,Veronica_30s,31,0,0.37,5,16.67%,0
01/17/2018,FY2018_YouTube,Video,Lauren_15s,"1,401",0,38.02,321,22.86%,0
01/23/2018,FY2018_YouTube,Video,Nate_30s,162,0,3.5,48,29.63%,0
03/14/2018,FY2018_YouTube,Video,Nate_30s,148,0,5.7,50,34.46%,0
03/19/2018,FY2018_YouTube,Video,Lauren_15s,"1,152",0,37.63,303,26.04%,0
03/20/2018,FY2018_YouTube,Video,Veronica_30s,41,0,4.79,12,26.83%,0
03/24/2018,FY2018_YouTube,Video,Nate_30s,202,0,5.15,32,17.33%,0
04/08/2018,FY2018_YouTube,Video,Nate_30s,161,1,2.77,34,20.50%,0
05/01/2018,FY2018_YouTube,Video,Nate_30s,266,0,4.79,50,18.42%,0
05/02/2018,FY2018_YouTube,Video,Lauren_15s,"1,576",0,35.88,307,19.48%,0
05/10/2018,FY2018_YouTube,Video,Lauren_15s,"1,283",2,37.88,295,23.09%,0
05/12/2018,FY2018_YouTube,Video,Veronica_30s,42,1,1.33,10,21.43%,0
05/14/2018,FY2018_YouTube,Video,Veronica_30s,49,0,4.69,14,28.57%,0
02/10/2018,FY2018_YouTube,Video,Lauren_15s,"1,354",0,34.85,345,25.52%,0
02/14/2018,FY2018_YouTube,Video,Lauren_15s,"1,070",0,33.45,296,27.76%,0
02/22/2018,FY2018_YouTube,Video,Veronica_30s,25,0,0.48,7,28.00%,0
03/01/2018,FY2018_YouTube,Video,Veronica_30s,51,0,2.38,12,23.53%,0
01/03/2018,FY2018_YouTube,Video,Veronica_30s,59,0,3.83,9,15.25%,0
01/08/2018,FY2018_YouTube,Video,Nate_30s,138,0,6.47,32,23.36%,0
01/16/2018,FY2018_YouTube,Video,Nate_30s,195,0,3.44,59,30.26%,0
01/21/2018,FY2018_YouTube,Video,Nate_30s,145,0,5.58,47,31.25%,0
01/24/2018,FY2018_YouTube,Video,Lauren_15s,"1,320",0,41.7,290,22.12%,0
01/30/2018,FY2018_YouTube,Video,Lauren_15s,"1,224",0,42.17,280,23.12%,0
02/03/2018,FY2018_YouTube,Video,Nate_30s,306,0,6.52,52,16.94%,0
02/08/2018,FY2018_YouTube,Video,Veronica_30s,50,0,1.05,12,24.49%,0
02/11/2018,FY2018_YouTube,Video,Lauren_15s,"1,672",1,39.52,375,22.61%,0
02/26/2018,FY2018_YouTube,Video,Lauren_15s,"1,302",0,37,322,24.73%,0
03/07/2018,FY2018_YouTube,Video,Lauren_15s,"1,257",2,36.29,328,26.25%,0
04/04/2018,FY2018_YouTube,Video,Veronica_30s,38,0,2.3,6,15.38%,0
04/10/2018,FY2018_YouTube,Video,Lauren_15s,"1,486",0,37.16,356,23.99%,0
03/08/2018,FY2018_YouTube,Video,Lauren_15s,"1,170",1,38.4,281,23.83%,0
03/26/2018,FY2018_YouTube,Video,Nate_30s,159,0,4.78,46,28.93%,0
04/23/2018,FY2018_YouTube,Video,Veronica_30s,38,0,1.03,5,13.16%,0
04/24/2018,FY2018_YouTube,Video,Lauren_15s,"1,566",2,38,313,19.81%,0
06/15/2018,FY2018_YouTube,Video,Lauren_15s,"1,102",0,45.74,292,26.41%,0
06/19/2018,FY2018_YouTube,Video,Nate_30s,93,1,5.11,21,23.66%,0
01/01/2018,FY2018_YouTube,Video,Nate_30s,183,0,5.06,26,14.21%,0
01/02/2018,FY2018_YouTube,Video,Nate_30s,136,0,3.1,23,17.65%,0
01/11/2018,FY2018_YouTube,Video,Veronica_30s,41,0,2.75,13,31.71%,0
01/18/2018,FY2018_YouTube,Video,Lauren_15s,"1,079",0,37.44,249,23.10%,0
01/19/2018,FY2018_YouTube,Video,Nate_30s,196,0,5.84,59,30.10%,0
01/19/2018,FY2018_YouTube,Video,Lauren_15s,"1,106",0,39.42,248,22.33%,0
01/22/2018,FY2018_YouTube,Video,Nate_30s,190,0,7.65,62,31.72%,0
01/27/2018,FY2018_YouTube,Video,Veronica_30s,42,0,1.55,9,21.43%,0
02/16/2018,FY2018_YouTube,Video,Veronica_30s,61,0,1.7,20,32.79%,0
02/19/2018,FY2018_YouTube,Video,Lauren_15s,"1,369",0,36.52,356,26.08%,0
03/07/2018,FY2018_YouTube,Video,Nate_30s,175,0,7.66,61,34.29%,0
03/16/2018,FY2018_YouTube,Video,Veronica_30s,40,0,0.93,8,19.05%,0
01/11/2018,FY2018_YouTube,Video,Lauren_30s,137,0,4.39,36,27.21%,0
01/29/2018,FY2018_YouTube,Video,Lauren_30s,114,0,1.84,28,24.56%,0
02/12/2018,FY2018_YouTube,Video,Lauren_30s,39,0,1.65,16,43.59%,0
02/14/2018,FY2018_YouTube,Video,Lauren_30s,119,0,4.46,41,35.00%,0
02/24/2018,FY2018_YouTube,Video,Lauren_30s,120,0,4.93,41,33.33%,0
01/03/2018,FY2018_YouTube,Video,Nate_30s,143,1,5.01,27,18.18%,0
01/03/2018,FY2018_YouTube,Video,Lauren_15s,"1,201",0,35.93,216,17.97%,0
04/14/2018,FY2018_YouTube,Video,Nate_30s,183,0,4.81,36,20.44%,0
04/14/2018,FY2018_YouTube,Video,Veronica_30s,28,0,1.31,7,25.00%,0
04/17/2018,FY2018_YouTube,Video,Nate_30s,135,0,3.02,35,25.93%,0
04/21/2018,FY2018_YouTube,Video,Veronica_30s,48,0,1.47,10,20.83%,0
01/14/2018,FY2018_YouTube,Video,Lauren_15s,"1,551",0,38.13,327,21.33%,0
01/18/2018,FY2018_YouTube,Video,Nate_30s,159,1,6.01,58,35.85%,0
01/20/2018,FY2018_YouTube,Video,Veronica_30s,41,0,1.45,8,19.51%,0
01/20/2018,FY2018_YouTube,Video,Lauren_15s,"1,213",0,39.08,267,21.81%,0
01/30/2018,FY2018_YouTube,Video,Veronica_30s,33,0,1.56,7,20.59%,0
01/31/2018,FY2018_YouTube,Video,Nate_30s,146,0,7.39,53,36.55%,0
02/18/2018,FY2018_YouTube,Video,Veronica_30s,48,0,0.76,10,20.41%,0
03/06/2018,FY2018_YouTube,Video,Veronica_30s,52,0,1.14,8,15.38%,0
03/29/2018,FY2018_YouTube,Video,Lauren_30s,131,0,4.94,35,26.72%,0
04/26/2018,FY2018_YouTube,Video,Lauren_30s,142,0,3.43,45,32.62%,0
05/08/2018,FY2018_YouTube,Video,Lauren_30s,185,0,5.31,50,27.57%,0
06/04/2018,FY2018_YouTube,Video,Lauren_30s,186,0,5.68,39,20.32%,0
06/05/2018,FY2018_YouTube,Video,Lauren_30s,162,0,3.75,46,28.40%,0
01/07/2018,FY2018_YouTube,Video,Lauren_15s,"1,229",1,43.71,238,19.35%,0
01/12/2018,FY2018_YouTube,Video,Veronica_30s,41,0,0.77,10,24.39%,0
02/03/2018,FY2018_YouTube,Video,Veronica_30s,64,0,1.38,16,25.00%,0
02/06/2018,FY2018_YouTube,Video,Nate_30s,193,0,6.8,61,31.25%,0
02/23/2018,FY2018_YouTube,Video,Veronica_30s,36,0,0.88,10,27.78%,0
02/27/2018,FY2018_YouTube,Video,Nate_30s,197,0,7.97,51,25.25%,0
03/11/2018,FY2018_YouTube,Video,Veronica_30s,39,0,1.09,9,23.08%,0
03/13/2018,FY2018_YouTube,Video,Nate_30s,188,0,3.31,42,22.51%,0
03/15/2018,FY2018_YouTube,Video,Lauren_15s,"1,017",0,37.69,248,24.39%,0
03/21/2018,FY2018_YouTube,Video,Veronica_30s,43,0,3.58,8,18.60%,0
04/12/2018,FY2018_YouTube,Video,Lauren_15s,"1,184",0,37.74,309,26.20%,0
04/13/2018,FY2018_YouTube,Video,Veronica_30s,56,0,0.11,4,7.14%,0
04/17/2018,FY2018_YouTube,Video,Veronica_30s,50,1,0.92,6,12.00%,0
05/03/2018,FY2018_YouTube,Video,Veronica_30s,62,0,0.35,3,4.84%,0
01/15/2018,FY2018_YouTube,Video,Veronica_30s,39,1,0.88,10,20.51%,0
01/18/2018,FY2018_YouTube,Video,Veronica_30s,34,0,1.73,11,32.35%,0
01/19/2018,FY2018_YouTube,Video,Veronica_30s,51,0,1.19,9,17.65%,0
06/12/2018,FY2018_YouTube,Video,Veronica_30s,65,0,0.44,6,9.38%,0
06/15/2018,FY2018_YouTube,Video,Nate_30s,94,0,1.72,28,29.79%,0
06/24/2018,FY2018_YouTube,Video,Veronica_30s,34,1,2.63,8,20.59%,0
02/17/2018,FY2018_YouTube,Video,Lauren_15s,"1,584",0,35.1,389,24.56%,0
02/23/2018,FY2018_YouTube,Video,Nate_30s,178,0,5.93,55,30.73%,0
02/28/2018,FY2018_YouTube,Video,Veronica_30s,48,0,1.17,12,25.00%,0
03/21/2018,FY2018_YouTube,Video,Nate_30s,187,0,6.25,55,29.26%,0
03/23/2018,FY2018_YouTube,Video,Lauren_15s,"1,074",0,40.85,260,24.42%,0
03/29/2018,FY2018_YouTube,Video,Nate_30s,170,0,3.91,44,25.88%,0
03/15/2018,FY2018_YouTube,Video,Veronica_30s,39,0,2.65,17,45.00%,0
03/17/2018,FY2018_YouTube,Video,Nate_30s,154,0,10.14,61,39.35%,0
03/18/2018,FY2018_YouTube,Video,Nate_30s,155,0,4.64,50,32.26%,0
03/24/2018,FY2018_YouTube,Video,Veronica_30s,29,0,1.25,10,34.48%,0
04/11/2018,FY2018_YouTube,Video,Nate_30s,152,0,3.59,38,25.00%,0
04/29/2018,FY2018_YouTube,Video,Nate_30s,168,0,7.43,49,29.34%,0
05/13/2018,FY2018_YouTube,Video,Lauren_15s,"1,341",0,42.5,332,24.80%,0
04/03/2018,FY2018_YouTube,Video,Veronica_30s,38,0,0.98,8,21.05%,0
04/04/2018,FY2018_YouTube,Video,Lauren_15s,"1,460",1,37.75,382,26.20%,0
04/13/2018,FY2018_YouTube,Video,Nate_30s,213,0,7.43,49,23.56%,0
04/15/2018,FY2018_YouTube,Video,Lauren_15s,"1,364",0,37.58,305,22.27%,0
04/27/2018,FY2018_YouTube,Video,Nate_30s,186,0,5.38,50,26.34%,0
04/29/2018,FY2018_YouTube,Video,Lauren_15s,"1,509",1,37.26,374,24.77%,0
01/31/2018,FY2018_YouTube,Video,Veronica_30s,32,0,0.48,7,25.00%,0
02/04/2018,FY2018_YouTube,Video,Veronica_30s,47,0,1.68,9,17.02%,0
02/08/2018,FY2018_YouTube,Video,Lauren_15s,"1,632",1,35.88,388,23.76%,0
02/24/2018,FY2018_YouTube,Video,Veronica_30s,30,0,1.01,6,20.00%,0
02/25/2018,FY2018_YouTube,Video,Nate_30s,206,0,7.72,54,26.57%,0
02/27/2018,FY2018_YouTube,Video,Lauren_15s,"1,174",0,35.97,277,23.55%,0
03/04/2018,FY2018_YouTube,Video,Nate_30s,236,1,6.32,71,29.66%,0
03/16/2018,FY2018_YouTube,Video,Nate_30s,237,0,7.22,39,16.03%,0
03/16/2018,FY2018_YouTube,Video,Lauren_15s,"1,381",1,36.7,259,18.67%,0
03/26/2018,FY2018_YouTube,Video,Veronica_30s,45,0,0.78,10,22.22%,0
04/02/2018,FY2018_YouTube,Video,Nate_30s,133,0,5.67,41,30.83%,0
04/12/2018,FY2018_YouTube,Video,Veronica_30s,53,0,0.6,8,15.38%,0
04/14/2018,FY2018_YouTube,Video,Lauren_15s,"1,359",0,36.68,314,23.25%,0
05/28/2018,FY2018_YouTube,Video,Veronica_30s,35,0,1.37,8,22.86%,0
06/11/2018,FY2018_YouTube,Video,Veronica_30s,79,0,2.31,10,12.66%,0
06/25/2018,FY2018_YouTube,Video,Nate_30s,86,0,2.47,23,25.58%,0
06/27/2018,FY2018_YouTube,Video,Nate_30s,113,0,6.55,42,37.17%,0
06/28/2018,FY2018_YouTube,Video,Lauren_15s,"1,121",2,42.76,293,26.43%,0
06/30/2018,FY2018_YouTube,Video,Veronica_30s,34,0,1.72,10,29.41%,0
04/10/2018,FY2018_YouTube,Video,Lauren_30s,172,0,5.01,40,23.26%,0
05/26/2018,FY2018_YouTube,Video,Lauren_30s,119,0,2.96,30,25.21%,0
06/30/2018,FY2018_YouTube,Video,Lauren_30s,117,0,6.47,38,32.76%,0
02/11/2018,FY2018_YouTube,Video,Veronica_30s,53,1,1.18,19,35.85%,0
02/19/2018,FY2018_YouTube,Video,Nate_30s,223,0,4.79,80,36.32%,0
03/11/2018,FY2018_YouTube,Video,Nate_30s,171,0,5.98,50,28.24%,0
03/12/2018,FY2018_YouTube,Video,Veronica_30s,38,0,0.97,5,13.16%,0
04/16/2018,FY2018_YouTube,Video,Nate_30s,165,1,4.99,41,23.78%,0
04/22/2018,FY2018_YouTube,Video,Veronica_30s,42,0,0.5,5,11.90%,0
04/28/2018,FY2018_YouTube,Video,Veronica_30s,49,0,4.37,12,24.49%,0
05/04/2018,FY2018_YouTube,Video,Nate_30s,205,0,6.92,47,22.93%,0
05/07/2018,FY2018_YouTube,Video,Lauren_15s,"1,427",2,39.78,353,24.74%,0
05/22/2018,FY2018_YouTube,Video,Lauren_15s,"1,199",2,42.77,303,25.19%,0
06/02/2018,FY2018_YouTube,Video,Lauren_15s,"1,438",0,43.39,367,25.40%,0
06/10/2018,FY2018_YouTube,Video,Veronica_30s,87,0,1.02,9,10.34%,0
06/27/2018,FY2018_YouTube,Video,Lauren_15s,"1,082",0,42.53,280,25.97%,0
02/04/2018,FY2018_YouTube,Video,Lauren_30s,159,0,3.9,40,25.16%,0
02/05/2018,FY2018_YouTube,Video,Lauren_30s,111,0,3.72,35,29.73%,0
02/10/2018,FY2018_YouTube,Video,Lauren_30s,145,0,3.68,48,33.10%,0
03/06/2018,FY2018_YouTube,Video,Lauren_30s,184,0,8.73,60,32.07%,0
03/11/2018,FY2018_YouTube,Video,Lauren_30s,144,1,4.84,34,23.78%,0
03/30/2018,FY2018_YouTube,Video,Lauren_30s,146,0,5.47,40,27.40%,0
01/09/2018,FY2018_YouTube,Video,Lauren_30s,171,1,4.82,53,30.59%,0
01/25/2018,FY2018_YouTube,Video,Lauren_30s,129,0,2.24,40,31.78%,0
02/06/2018,FY2018_YouTube,Video,Lauren_30s,109,0,1.97,31,28.44%,0
02/27/2018,FY2018_YouTube,Video,Lauren_30s,169,0,5.62,50,29.59%,0
02/28/2018,FY2018_YouTube,Video,Lauren_30s,106,0,4.91,40,39.05%,0
03/10/2018,FY2018_YouTube,Video,Lauren_30s,230,0,6.05,59,26.09%,0
04/14/2018,FY2018_YouTube,Video,Lauren_30s,195,0,7.99,44,21.03%,0
05/05/2018,FY2018_YouTube,Video,Lauren_30s,302,0,5.55,71,23.84%,0
05/12/2018,FY2018_YouTube,Video,Lauren_30s,192,0,4.43,51,26.04%,0
06/12/2018,FY2018_YouTube,Video,Lauren_30s,115,0,2.56,23,19.13%,0
03/12/2018,FY2018_YouTube,Video,Lauren_30s,158,0,3.88,48,30.19%,0
03/16/2018,FY2018_YouTube,Video,Lauren_30s,224,0,5.93,40,17.94%,0
03/24/2018,FY2018_YouTube,Video,Lauren_30s,171,0,6.38,34,19.19%,0
05/14/2018,FY2018_YouTube,Video,Lauren_30s,175,0,3.72,42,24.43%,0
06/09/2018,FY2018_YouTube,Video,Lauren_30s,126,0,5.8,37,29.37%,0
06/10/2018,FY2018_YouTube,Video,Lauren_15s,"1,140",0,43.35,268,23.86%,0
06/12/2018,FY2018_YouTube,Video,Nate_30s,101,0,2.26,24,21.78%,0
06/20/2018,FY2018_YouTube,Video,Nate_30s,116,0,8.01,38,33.62%,0
06/29/2018,FY2018_YouTube,Video,Lauren_15s,988,0,36.6,231,23.61%,0
02/23/2018,FY2018_YouTube,Video,Lauren_30s,149,0,7.49,46,30.87%,0
02/26/2018,FY2018_YouTube,Video,Lauren_30s,170,0,7.5,55,32.35%,0
03/09/2018,FY2018_YouTube,Video,Lauren_30s,159,0,4.31,49,31.45%,0
05/16/2018,FY2018_YouTube,Video,Lauren_30s,16,0,0.34,6,37.50%,0
01/05/2018,FY2018_YouTube,Video,Veronica_30s,18,0,0.22,3,16.67%,0
01/17/2018,FY2018_YouTube,Video,Nate_30s,181,0,6.97,71,39.23%,0
01/25/2018,FY2018_YouTube,Video,Nate_30s,195,0,5.95,52,27.32%,0
01/28/2018,FY2018_YouTube,Video,Nate_30s,149,0,3.54,46,31.54%,0
02/07/2018,FY2018_YouTube,Video,Nate_30s,175,0,7.99,50,28.57%,0
02/28/2018,FY2018_YouTube,Video,Nate_30s,147,0,10.42,51,34.48%,0
03/08/2018,FY2018_YouTube,Video,Veronica_30s,59,0,2.59,12,20.34%,0
03/12/2018,FY2018_YouTube,Video,Lauren_15s,"1,274",0,36.09,299,23.70%,0
03/31/2018,FY2018_YouTube,Video,Lauren_15s,"1,271",0,37.34,289,23.00%,0
04/02/2018,FY2018_YouTube,Video,Lauren_15s,"1,128",0,37.13,279,24.73%,0
04/19/2018,FY2018_YouTube,Video,Nate_30s,124,0,3.76,39,31.45%,0
04/23/2018,FY2018_YouTube,Video,Lauren_15s,"1,359",1,39.27,348,25.74%,0
01/01/2018,FY2018_YouTube,Video,Veronica_30s,38,0,2.19,6,15.79%,0
01/10/2018,FY2018_YouTube,Video,Nate_30s,130,0,4.89,38,29.23%,0
01/11/2018,FY2018_YouTube,Video,Nate_30s,161,0,7.07,47,28.40%,0
01/26/2018,FY2018_YouTube,Video,Nate_30s,136,0,3.06,32,24.81%,0
02/05/2018,FY2018_YouTube,Video,Nate_30s,204,0,6.56,56,27.45%,0
01/12/2018,FY2018_YouTube,Video,Lauren_30s,175,0,3.78,53,30.86%,0
01/20/2018,FY2018_YouTube,Video,Lauren_30s,141,0,4.26,41,28.37%,0
02/07/2018,FY2018_YouTube,Video,Lauren_30s,120,0,4.3,45,36.36%,0
03/28/2018,FY2018_YouTube,Video,Lauren_30s,97,0,7.88,27,26.80%,0
04/12/2018,FY2018_YouTube,Video,Lauren_30s,144,0,3.61,34,24.31%,0
04/25/2018,FY2018_YouTube,Video,Lauren_30s,191,0,8.36,56,29.84%,0
04/03/2018,FY2018_YouTube,Video,Lauren_30s,149,0,3.97,39,26.17%,0
04/06/2018,FY2018_YouTube,Video,Lauren_30s,185,0,5.25,46,24.32%,0
04/16/2018,FY2018_YouTube,Video,Lauren_30s,170,0,4.7,42,25.00%,0
04/19/2018,FY2018_YouTube,Video,Lauren_30s,143,0,2.62,26,17.48%,0
03/03/2018,FY2018_YouTube,Video,Veronica_30s,34,0,1.2,8,23.53%,0
03/12/2018,FY2018_YouTube,Video,Nate_30s,185,0,8.09,54,29.03%,0
03/20/2018,FY2018_YouTube,Video,Lauren_15s,"1,232",0,34.85,316,26.03%,0
03/25/2018,FY2018_YouTube,Video,Nate_30s,147,0,3.2,32,22.60%,0
03/27/2018,FY2018_YouTube,Video,Nate_30s,139,0,3.4,40,28.78%,0
03/28/2018,FY2018_YouTube,Video,Veronica_30s,55,0,2.23,14,25.00%,0
04/20/2018,FY2018_YouTube,Video,Lauren_15s,"1,273",3,37.6,286,22.27%,0
04/21/2018,FY2018_YouTube,Video,Nate_30s,193,0,5.11,43,22.28%,0
06/08/2018,FY2018_YouTube,Video,Lauren_30s,184,0,7.4,41,21.74%,0
06/28/2018,FY2018_YouTube,Video,Lauren_30s,116,0,6.08,31,26.72%,0
04/24/2018,FY2018_YouTube,Video,Lauren_30s,201,0,5.08,53,25.87%,0
05/04/2018,FY2018_YouTube,Video,Lauren_30s,238,0,6.4,53,22.27%,0
06/16/2018,FY2018_YouTube,Video,Lauren_30s,208,0,7.26,47,22.60%,0
06/27/2018,FY2018_YouTube,Video,Lauren_30s,108,1,4.52,27,24.07%,0
01/04/2018,FY2018_YouTube,Video,Lauren_15s,"1,172",2,41.64,216,17.92%,0
01/15/2018,FY2018_YouTube,Video,Nate_30s,175,0,4.86,50,29.14%,0
01/22/2018,FY2018_YouTube,Video,Veronica_30s,36,0,0.95,7,19.44%,0
01/22/2018,FY2018_YouTube,Video,Lauren_15s,"1,304",1,36.01,290,22.53%,0
02/22/2018,FY2018_YouTube,Video,Nate_30s,191,0,3.13,43,21.99%,0
03/10/2018,FY2018_YouTube,Video,Lauren_15s,"1,496",0,37.25,334,22.56%,0
03/22/2018,FY2018_YouTube,Video,Veronica_30s,36,0,1.26,10,27.78%,0
04/30/2018,FY2018_YouTube,Video,Lauren_15s,"1,518",1,39.44,320,21.02%,0
04/26/2018,FY2018_YouTube,Video,Veronica_30s,64,0,1.66,14,21.88%,0
05/01/2018,FY2018_YouTube,Video,Veronica_30s,73,0,2.17,6,8.22%,0
05/03/2018,FY2018_YouTube,Video,Lauren_15s,"1,693",0,41.21,382,22.61%,0
03/05/2018,FY2018_YouTube,Video,Lauren_30s,152,0,3.28,40,26.32%,0
03/18/2018,FY2018_YouTube,Video,Lauren_30s,141,0,6.27,39,26.95%,0
04/08/2018,FY2018_YouTube,Video,Lauren_30s,171,1,4.54,43,24.56%,0
06/06/2018,FY2018_YouTube,Video,Lauren_30s,191,0,8.01,51,26.84%,0
03/23/2018,FY2018_YouTube,Video,Nate_30s,164,0,3.81,34,21.34%,0
04/01/2018,FY2018_YouTube,Video,Lauren_15s,"1,220",1,39.07,317,26.04%,0
04/08/2018,FY2018_YouTube,Video,Lauren_15s,"1,475",1,42.2,382,25.76%,0
05/01/2018,FY2018_YouTube,Video,Lauren_15s,"1,700",0,37.48,323,18.89%,0
06/02/2018,FY2018_YouTube,Video,Nate_30s,150,1,6.37,48,31.33%,0
06/18/2018,FY2018_YouTube,Video,Veronica_30s,50,0,0.73,5,10.00%,0
06/23/2018,FY2018_YouTube,Video,Lauren_15s,"1,267",0,40.76,309,24.49%,0
06/28/2018,FY2018_YouTube,Video,Nate_30s,93,0,6.44,27,30.11%,0
06/03/2018,FY2018_YouTube,Video,Nate_30s,158,0,3.61,30,18.99%,0
06/10/2018,FY2018_YouTube,Video,Nate_30s,123,1,6.95,47,36.59%,0
06/12/2018,FY2018_YouTube,Video,Lauren_15s,"1,172",0,50.83,292,25.19%,0
06/29/2018,FY2018_YouTube,Video,Veronica_30s,58,0,8.84,19,34.48%,0
05/12/2018,FY2018_YouTube,Video,Nate_30s,180,0,5.28,44,23.89%,0
06/03/2018,FY2018_YouTube,Video,Lauren_15s,"1,776",0,44.3,383,21.77%,0
06/04/2018,FY2018_YouTube,Video,Veronica_30s,54,0,0.63,11,20.00%,0
06/16/2018,FY2018_YouTube,Video,Nate_30s,139,1,4.89,38,25.71%,0
06/17/2018,FY2018_YouTube,Video,Lauren_15s,"1,059",0,42.48,249,23.89%,0
06/25/2018,FY2018_YouTube,Video,Lauren_15s,924,0,46.05,245,26.46%,0
01/03/2018,FY2018_YouTube,Video,Lauren_30s,118,0,6.09,29,24.58%,0
01/28/2018,FY2018_YouTube,Video,Lauren_30s,80,0,2.09,28,35.00%,0
03/13/2018,FY2018_YouTube,Video,Lauren_30s,166,0,4.57,40,24.55%,0
04/29/2018,FY2018_YouTube,Video,Lauren_30s,184,0,4.49,55,30.05%,0
06/15/2018,FY2018_YouTube,Video,Lauren_30s,122,0,7.64,33,27.05%,0
06/18/2018,FY2018_YouTube,Video,Lauren_30s,128,0,3.53,29,22.66%,0
06/26/2018,FY2018_YouTube,Video,Lauren_30s,134,0,3.23,30,22.39%,0
01/14/2018,FY2018_YouTube,Video,Lauren_30s,176,0,3.69,54,30.68%,0
02/15/2018,FY2018_YouTube,Video,Lauren_30s,157,0,4.07,49,31.21%,0
02/19/2018,FY2018_YouTube,Video,Lauren_30s,147,0,5.22,55,37.41%,0
03/07/2018,FY2018_YouTube,Video,Lauren_30s,139,0,3.77,34,25.90%,0
03/08/2018,FY2018_YouTube,Video,Lauren_30s,139,0,4.09,35,25.90%,0
05/08/2018,FY2018_YouTube,Video,Veronica_30s,69,0,2.56,16,21.74%,0
05/15/2018,FY2018_YouTube,Video,Lauren_15s,"1,423",1,37.91,369,25.89%,0
05/24/2018,FY2018_YouTube,Video,Nate_30s,89,0,1.85,24,26.97%,0
05/24/2018,FY2018_YouTube,Video,Veronica_30s,64,0,3.92,9,13.85%,0
05/30/2018,FY2018_YouTube,Video,Veronica_30s,87,0,1.43,9,10.34%,0
06/02/2018,FY2018_YouTube,Video,Veronica_30s,44,0,0.93,7,15.91%,0
06/04/2018,FY2018_YouTube,Video,Lauren_15s,"1,512",0,46.49,374,24.65%,0
06/06/2018,FY2018_YouTube,Video,Nate_30s,135,0,4.3,26,18.52%,0
06/07/2018,FY2018_YouTube,Video,Veronica_30s,68,0,2.79,10,14.71%,0
06/21/2018,FY2018_YouTube,Video,Nate_30s,129,0,4.21,41,31.01%,0
06/26/2018,FY2018_YouTube,Video,Veronica_30s,49,0,3.19,12,24.49%,0
03/19/2018,FY2018_YouTube,Video,Lauren_30s,128,0,3.53,34,27.34%,0
05/07/2018,FY2018_YouTube,Video,Lauren_30s,207,1,4.67,46,21.74%,0
05/27/2018,FY2018_YouTube,Video,Lauren_30s,167,0,3.98,39,23.35%,0
01/14/2018,FY2018_YouTube,Video,Nate_30s,205,1,7.91,55,25.98%,0
01/25/2018,FY2018_YouTube,Video,Veronica_30s,40,0,0.79,9,22.50%,0
03/02/2018,FY2018_YouTube,Video,Nate_30s,180,0,5.18,61,33.33%,0
03/04/2018,FY2018_YouTube,Video,Lauren_15s,"1,595",1,36.18,366,22.90%,0
03/22/2018,FY2018_YouTube,Video,Nate_30s,157,0,5.48,42,26.11%,0
03/29/2018,FY2018_YouTube,Video,Lauren_15s,"1,163",0,39.14,287,24.83%,0
04/05/2018,FY2018_YouTube,Video,Nate_30s,196,0,7.92,56,27.55%,0
04/09/2018,FY2018_YouTube,Video,Veronica_30s,44,0,0.46,6,13.64%,0
01/04/2018,FY2018_YouTube,Video,Lauren_30s,77,0,3.72,10,12.99%,0
02/21/2018,FY2018_YouTube,Video,Lauren_30s,136,0,5.11,43,31.85%,0
03/03/2018,FY2018_YouTube,Video,Lauren_30s,118,0,3.83,40,33.90%,0
04/17/2018,FY2018_YouTube,Video,Lauren_30s,170,0,4.08,53,32.35%,0
01/05/2018,FY2018_YouTube,Video,Lauren_15s,"1,323",0,40.74,211,15.95%,0
01/10/2018,FY2018_YouTube,Video,Veronica_30s,34,0,0.89,12,34.29%,0
01/15/2018,FY2018_YouTube,Video,Lauren_15s,"1,285",1,41.56,314,24.65%,0
01/17/2018,FY2018_YouTube,Video,Veronica_30s,59,0,1.03,13,20.34%,0
01/24/2018,FY2018_YouTube,Video,Veronica_30s,43,0,0.69,5,13.95%,0
01/28/2018,FY2018_YouTube,Video,Lauren_15s,"1,032",0,44.07,240,23.26%,0
04/15/2018,FY2018_YouTube,Video,Nate_30s,183,0,6.12,44,23.89%,0
04/20/2018,FY2018_YouTube,Video,Nate_30s,147,0,4.25,31,20.41%,0
01/31/2018,FY2018_YouTube,Video,Lauren_15s,"1,241",0,41.26,274,22.05%,0
02/09/2018,FY2018_YouTube,Video,Lauren_15s,"1,379",0,33.47,323,23.66%,0
02/13/2018,FY2018_YouTube,Video,Veronica_30s,76,0,2.1,14,18.42%,0
02/13/2018,FY2018_YouTube,Video,Lauren_15s,"1,282",0,37.11,306,24.16%,0
02/16/2018,FY2018_YouTube,Video,Nate_30s,216,1,6.94,62,28.70%,0
01/19/2018,FY2018_YouTube,Video,Lauren_30s,130,0,4.19,43,33.08%,0
03/17/2018,FY2018_YouTube,Video,Lauren_30s,95,0,2.63,27,28.42%,0
04/20/2018,FY2018_YouTube,Video,Lauren_30s,181,0,8.67,40,21.55%,0
04/30/2018,FY2018_YouTube,Video,Lauren_30s,208,0,5.45,42,18.27%,0
06/22/2018,FY2018_YouTube,Video,Lauren_30s,193,0,8.26,49,25.39%,0
03/23/2018,FY2018_YouTube,Video,Lauren_30s,109,0,4.36,32,29.09%,0
04/15/2018,FY2018_YouTube,Video,Lauren_30s,189,1,5.77,35,18.28%,0
04/22/2018,FY2018_YouTube,Video,Lauren_30s,200,0,6.62,45,23.00%,0
04/23/2018,FY2018_YouTube,Video,Lauren_30s,181,0,5.81,57,30.94%,0
02/24/2018,FY2018_YouTube,Video,Nate_30s,142,0,9.4,55,38.30%,0
03/01/2018,FY2018_YouTube,Video,Lauren_15s,"1,277",0,36.09,308,24.39%,0
03/10/2018,FY2018_YouTube,Video,Nate_30s,206,0,4.32,56,27.67%,0
04/01/2018,FY2018_YouTube,Video,Nate_30s,146,0,2.71,33,21.92%,0
04/09/2018,FY2018_YouTube,Video,Lauren_15s,"1,382",0,41.25,331,24.02%,0
04/18/2018,FY2018_YouTube,Video,Veronica_30s,44,0,1.18,15,34.09%,0
04/22/2018,FY2018_YouTube,Video,Nate_30s,153,1,5.05,43,27.45%,0
04/25/2018,FY2018_YouTube,Video,Lauren_15s,"1,415",1,38.15,293,21.06%,0
04/26/2018,FY2018_YouTube,Video,Nate_30s,125,0,2.9,34,27.42%,0
05/09/2018,FY2018_YouTube,Video,Lauren_30s,151,0,4.64,36,23.18%,0
05/10/2018,FY2018_YouTube,Video,Lauren_30s,147,0,6.89,32,21.09%,0
06/13/2018,FY2018_YouTube,Video,Lauren_30s,136,0,4.7,41,30.15%,0
06/24/2018,FY2018_YouTube,Video,Lauren_30s,116,0,6.7,35,30.17%,0
01/05/2018,FY2018_YouTube,Video,Lauren_30s,131,0,4.06,23,16.79%,0
01/15/2018,FY2018_YouTube,Video,Lauren_30s,161,0,3.4,46,28.57%,0
01/27/2018,FY2018_YouTube,Video,Lauren_30s,104,0,4.45,31,30.10%,0
01/17/2018,FY2018_YouTube,Video,Lauren_30s,140,0,4.74,47,33.57%,0
05/13/2018,FY2018_YouTube,Video,Lauren_30s,154,0,3.52,43,27.39%,0
05/23/2018,FY2018_YouTube,Video,Lauren_30s,143,0,6.58,38,26.57%,0
06/11/2018,FY2018_YouTube,Video,Lauren_30s,159,0,6.6,46,28.93%,0
06/17/2018,FY2018_YouTube,Video,Lauren_30s,166,0,9.39,33,19.16%,0
03/02/2018,FY2018_YouTube,Video,Lauren_30s,139,0,4.17,46,32.61%,0
04/02/2018,FY2018_YouTube,Video,Lauren_30s,140,0,6.72,32,22.14%,0
05/25/2018,FY2018_YouTube,Video,Lauren_15s,"1,138",0,43.36,306,27.18%,0
06/01/2018,FY2018_YouTube,Video,Veronica_30s,54,0,0.7,13,24.07%,0
06/15/2018,FY2018_YouTube,Video,Veronica_30s,41,0,1.43,8,17.07%,0
06/16/2018,FY2018_YouTube,Video,Lauren_15s,"1,262",1,41.05,264,21.16%,0
06/24/2018,FY2018_YouTube,Video,Nate_30s,110,0,2.77,31,29.09%,0
05/02/2018,FY2018_YouTube,Video,Nate_30s,208,0,8.72,38,18.45%,0
05/02/2018,FY2018_YouTube,Video,Veronica_30s,70,0,0.33,8,11.43%,0
05/05/2018,FY2018_YouTube,Video,Veronica_30s,53,0,0.83,4,1.85%,0
05/06/2018,FY2018_YouTube,Video,Lauren_15s,"1,419",0,37.95,293,20.77%,0
05/31/2018,FY2018_YouTube,Video,Lauren_15s,"1,376",0,43.58,341,24.78%,0
06/11/2018,FY2018_YouTube,Video,Nate_30s,120,0,4.69,43,38.33%,0
05/05/2018,FY2018_YouTube,Video,Lauren_15s,"1,838",0,36.76,396,21.61%,0
05/06/2018,FY2018_YouTube,Video,Nate_30s,208,0,6.73,48,23.08%,0
05/27/2018,FY2018_YouTube,Video,Veronica_30s,49,1,2.29,13,24.00%,0
06/08/2018,FY2018_YouTube,Video,Nate_30s,172,0,4.65,47,28.07%,0
06/13/2018,FY2018_YouTube,Video,Nate_30s,113,0,6.15,38,33.63%,0
06/13/2018,FY2018_YouTube,Video,Lauren_15s,"1,243",0,42.44,322,26.21%,0
05/25/2018,FY2018_YouTube,Video,Nate_30s,103,0,5.19,41,39.81%,0
06/05/2018,FY2018_YouTube,Video,Lauren_15s,"1,375",1,47.95,365,26.56%,0
06/09/2018,FY2018_YouTube,Video,Veronica_30s,46,0,0.38,7,15.22%,0
01/06/2018,FY2018_YouTube,Video,Lauren_15s,"1,228",0,39.62,224,18.32%,0
01/16/2018,FY2018_YouTube,Video,Veronica_30s,43,0,1.47,6,12.50%,0
01/25/2018,FY2018_YouTube,Video,Lauren_15s,"1,391",0,40.44,302,22.01%,0
01/27/2018,FY2018_YouTube,Video,Nate_30s,189,0,7.3,56,29.63%,0
01/07/2018,FY2018_YouTube,Video,Lauren_30s,125,0,3.35,26,20.00%,0
01/16/2018,FY2018_YouTube,Video,Lauren_30s,198,0,3.62,69,35.20%,0
01/24/2018,FY2018_YouTube,Video,Lauren_30s,124,0,1.59,23,18.40%,0
05/01/2018,FY2018_YouTube,Video,Lauren_30s,282,0,6.27,50,18.09%,0
05/15/2018,FY2018_YouTube,Video,Lauren_30s,155,0,4.9,39,25.16%,0
01/02/2018,FY2018_YouTube,Video,Lauren_30s,115,0,2,24,20.87%,0
01/30/2018,FY2018_YouTube,Video,Lauren_30s,81,0,2.68,29,36.14%,0
01/30/2018,FY2018_YouTube,Video,Nate_30s,134,0,3.89,43,31.34%,0
02/01/2018,FY2018_YouTube,Video,Lauren_15s,"1,496",1,40.82,364,24.25%,0
02/07/2018,FY2018_YouTube,Video,Lauren_15s,"1,237",1,38.57,312,25.00%,0
02/20/2018,FY2018_YouTube,Video,Lauren_15s,"1,455",1,34.3,322,22.12%,0
02/21/2018,FY2018_YouTube,Video,Nate_30s,186,0,5.34,54,29.03%,0
03/01/2018,FY2018_YouTube,Video,Nate_30s,177,0,5.24,57,31.82%,0
03/13/2018,FY2018_YouTube,Video,Lauren_15s,"1,555",0,41.97,347,22.36%,0
03/18/2018,FY2018_YouTube,Video,Lauren_15s,"1,083",0,39.34,258,23.75%,0
04/06/2018,FY2018_YouTube,Video,Veronica_30s,74,0,1.35,11,14.86%,0
04/07/2018,FY2018_YouTube,Video,Veronica_30s,49,0,3.07,8,16.33%,0
04/10/2018,FY2018_YouTube,Video,Veronica_30s,49,0,1.72,12,24.00%,0
04/18/2018,FY2018_YouTube,Video,Lauren_15s,"1,333",0,38.27,306,23.11%,0
04/19/2018,FY2018_YouTube,Video,Lauren_15s,"1,184",3,43.47,255,21.28%,0
02/20/2018,FY2018_YouTube,Video,Lauren_30s,155,0,8.6,47,30.32%,0
05/03/2018,FY2018_YouTube,Video,Lauren_30s,239,0,6.48,65,27.62%,0
06/10/2018,FY2018_YouTube,Video,Lauren_30s,170,0,5.55,45,25.88%,0
02/08/2018,FY2018_YouTube,Video,Lauren_30s,181,0,5.89,45,24.86%,0
02/18/2018,FY2018_YouTube,Video,Lauren_30s,128,0,4.58,45,35.16%,0
04/01/2018,FY2018_YouTube,Video,Lauren_30s,142,0,6.99,42,29.58%,0
04/09/2018,FY2018_YouTube,Video,Lauren_30s,159,0,5.15,36,22.64%,0
05/09/2018,FY2018_YouTube,Video,Nate_30s,122,0,4.39,32,26.23%,0
04/25/2018,FY2018_YouTube,Video,Nate_30s,134,0,2.13,31,23.31%,0
05/26/2018,FY2018_YouTube,Video,Veronica_30s,32,0,0.14,4,12.50%,0
05/30/2018,FY2018_YouTube,Video,Lauren_15s,"1,478",0,44.71,373,25.29%,0
05/08/2018,FY2018_YouTube,Video,Lauren_15s,"1,475",0,37.27,359,24.46%,0
05/10/2018,FY2018_YouTube,Video,Nate_30s,146,0,3.04,32,23.45%,0
05/11/2018,FY2018_YouTube,Video,Veronica_30s,42,0,0.45,7,16.67%,0
05/15/2018,FY2018_YouTube,Video,Veronica_30s,65,0,0.96,8,12.31%,0
05/21/2018,FY2018_YouTube,Video,Nate_30s,178,1,7.6,38,20.79%,0
06/07/2018,FY2018_YouTube,Video,Nate_30s,165,0,2.77,34,20.48%,0
06/09/2018,FY2018_YouTube,Video,Nate_30s,120,0,3.34,42,35.00%,0
06/09/2018,FY2018_YouTube,Video,Lauren_15s,"1,246",1,46.21,313,25.30%,0
06/11/2018,FY2018_YouTube,Video,Lauren_15s,"1,247",0,41.66,312,25.28%,0
06/14/2018,FY2018_YouTube,Video,Nate_30s,106,1,3.33,43,40.57%,0
06/18/2018,FY2018_YouTube,Video,Nate_30s,85,0,2.48,23,25.88%,0
01/06/2018,FY2018_YouTube,Video,Lauren_30s,151,0,3.83,32,21.19%,0
02/13/2018,FY2018_YouTube,Video,Lauren_30s,120,0,3.82,26,22.50%,0
05/22/2018,FY2018_YouTube,Video,Lauren_30s,133,0,6.61,43,30.08%,0
05/24/2018,FY2018_YouTube,Video,Lauren_30s,121,0,4.4,36,29.75%,0
06/16/2018,FY2018_YouTube,Video,Veronica_30s,53,0,3.99,13,22.64%,0
06/26/2018,FY2018_YouTube,Video,Lauren_15s,"1,087",1,46.52,274,25.23%,0
01/18/2018,FY2018_YouTube,Video,Lauren_30s,119,0,5.91,40,33.61%,0
03/25/2018,FY2018_YouTube,Video,Lauren_30s,147,0,3.77,37,25.17%,0
04/04/2018,FY2018_YouTube,Video,Lauren_30s,168,0,8,58,33.93%,0
05/11/2018,FY2018_YouTube,Video,Lauren_30s,140,0,5.49,42,30.00%,0
06/23/2018,FY2018_YouTube,Video,Lauren_30s,168,0,8.52,55,32.93%,0
01/21/2018,FY2018_YouTube,Video,Lauren_30s,142,1,5.18,49,33.80%,0
03/04/2018,FY2018_YouTube,Video,Lauren_30s,206,0,6.27,53,24.76%,0
04/13/2018,FY2018_YouTube,Video,Lauren_30s,208,0,5.22,43,20.29%,0
05/25/2018,FY2018_YouTube,Video,Lauren_30s,163,0,6.71,44,26.99%,0
05/31/2018,FY2018_YouTube,Video,Lauren_30s,194,0,6.44,44,22.28%,0
06/14/2018,FY2018_YouTube,Video,Lauren_30s,139,0,5.06,35,25.18%,0
01/13/2018,FY2018_YouTube,Video,Lauren_30s,139,0,4.47,46,32.37%,0
02/11/2018,FY2018_YouTube,Video,Lauren_30s,173,0,4.55,55,31.79%,0
02/16/2018,FY2018_YouTube,Video,Lauren_30s,145,0,3.99,37,24.83%,0
03/01/2018,FY2018_YouTube,Video,Lauren_30s,177,0,7.76,54,30.34%,0
05/11/2018,FY2018_YouTube,Video,Lauren_15s,"1,226",0,38.7,295,24.24%,0
06/05/2018,FY2018_YouTube,Video,Nate_30s,120,0,3.8,42,34.75%,0
06/21/2018,FY2018_YouTube,Video,Veronica_30s,55,0,2.59,13,23.64%,0
06/22/2018,FY2018_YouTube,Video,Nate_30s,128,0,5.41,38,32.03%,0
06/29/2018,FY2018_YouTube,Video,Nate_30s,119,0,4.43,30,25.21%,0
04/27/2018,FY2018_YouTube,Video,Lauren_30s,193,0,5.26,37,19.17%,0
04/28/2018,FY2018_YouTube,Video,Lauren_30s,233,0,5.89,69,30.90%,0
05/06/2018,FY2018_YouTube,Video,Lauren_30s,240,0,4.77,39,15.83%,0
05/29/2018,FY2018_YouTube,Video,Lauren_30s,154,0,4.32,49,31.82%,0
06/01/2018,FY2018_YouTube,Video,Lauren_30s,180,0,5.13,51,27.93%,0
02/01/2018,FY2018_YouTube,Video,Lauren_30s,124,0,2.55,31,25.81%,0
02/17/2018,FY2018_YouTube,Video,Lauren_30s,185,0,7.04,55,29.73%,0
03/26/2018,FY2018_YouTube,Video,Lauren_30s,148,0,4.76,34,22.97%,0
04/11/2018,FY2018_YouTube,Video,Lauren_30s,181,0,6.97,42,23.33%,0
04/18/2018,FY2018_YouTube,Video,Lauren_30s,174,0,6.61,50,28.90%,0
04/21/2018,FY2018_YouTube,Video,Lauren_30s,209,0,8.04,51,24.40%,0
06/20/2018,FY2018_YouTube,Video,Lauren_30s,156,0,6.7,46,29.49%,0
01/26/2018,FY2018_YouTube,Video,Lauren_30s,79,0,2.75,28,35.44%,0
04/07/2018,FY2018_YouTube,Video,Lauren_30s,132,0,9.12,36,27.27%,0
05/28/2018,FY2018_YouTube,Video,Lauren_30s,170,0,9.2,44,25.88%,0
06/03/2018,FY2018_YouTube,Video,Lauren_30s,220,1,7.78,56,25.00%,0
05/04/2018,FY2018_YouTube,Video,Veronica_30s,46,1,0.44,8,15.22%,0
05/04/2018,FY2018_YouTube,Video,Lauren_15s,"1,709",2,36.67,376,21.99%,0
05/09/2018,FY2018_YouTube,Video,Veronica_30s,36,0,1.83,3,11.11%,0
05/22/2018,FY2018_YouTube,Video,Veronica_30s,65,1,1.36,10,13.64%,0
05/23/2018,FY2018_YouTube,Video,Nate_30s,104,0,3.82,26,25.00%,0
05/26/2018,FY2018_YouTube,Video,Lauren_15s,"1,053",0,47.21,317,30.17%,0
05/27/2018,FY2018_YouTube,Video,Lauren_15s,"1,348",1,45.17,306,22.61%,0
05/31/2018,FY2018_YouTube,Video,Nate_30s,156,0,5.63,48,30.97%,0
06/14/2018,FY2018_YouTube,Video,Veronica_30s,58,0,1.25,8,13.79%,0
06/19/2018,FY2018_YouTube,Video,Lauren_15s,"1,091",1,46.42,257,23.83%,0
06/20/2018,FY2018_YouTube,Video,Veronica_30s,35,1,1.17,5,14.29%,0
06/24/2018,FY2018_YouTube,Video,Lauren_15s,"1,089",1,44.19,273,24.98%,0
05/03/2018,FY2018_YouTube,Video,Nate_30s,120,0,2.53,29,24.79%,0
05/25/2018,FY2018_YouTube,Video,Veronica_30s,33,1,1.37,8,21.21%,0
05/26/2018,FY2018_YouTube,Video,Nate_30s,102,1,5.27,31,31.07%,0
06/06/2018,FY2018_YouTube,Video,Lauren_15s,"1,366",0,41.07,305,22.52%,0
06/22/2018,FY2018_YouTube,Video,Lauren_15s,"1,223",0,40.99,276,22.73%,0
06/26/2018,FY2018_YouTube,Video,Nate_30s,105,0,4.77,34,31.78%,0
05/22/2018,FY2018_YouTube,Video,Nate_30s,100,0,5.81,33,33.00%,0
05/23/2018,FY2018_YouTube,Video,Veronica_30s,55,0,1.12,7,10.91%,0
05/28/2018,FY2018_YouTube,Video,Nate_30s,166,0,7.16,57,33.73%,0
06/08/2018,FY2018_YouTube,Video,Lauren_15s,"1,257",1,40.98,293,23.29%,0
06/13/2018,FY2018_YouTube,Video,Veronica_30s,58,0,3.29,9,17.24%,0
06/23/2018,FY2018_YouTube,Video,Veronica_30s,38,0,2.13,8,21.05%,0
01/01/2018,FY2018_YouTube,Video,Lauren_30s,145,0,1.92,18,12.41%,0
02/02/2018,FY2018_YouTube,Video,Lauren_30s,132,1,6.35,49,36.36%,0
03/15/2018,FY2018_YouTube,Video,Lauren_30s,119,1,5.62,39,31.93%,0
03/20/2018,FY2018_YouTube,Video,Lauren_30s,116,0,6.55,30,25.86%,0
03/21/2018,FY2018_YouTube,Video,Lauren_30s,144,0,5.96,35,24.14%,0
05/21/2018,FY2018_YouTube,Video,Lauren_30s,137,0,5.82,31,21.17%,0
01/10/2018,FY2018_YouTube,Video,Lauren_30s,107,0,3.25,31,28.97%,0
03/14/2018,FY2018_YouTube,Video,Lauren_30s,125,0,7.56,36,29.03%,0
03/22/2018,FY2018_YouTube,Video,Lauren_30s,119,0,3.52,31,25.00%,0
04/05/2018,FY2018_YouTube,Video,Lauren_30s,160,1,4.98,40,22.98%,0
06/02/2018,FY2018_YouTube,Video,Lauren_30s,202,0,5.08,54,26.73%,0
06/21/2018,FY2018_YouTube,Video,Lauren_30s,175,0,8.69,47,26.29%,0
06/25/2018,FY2018_YouTube,Video,Lauren_30s,102,0,6.71,24,23.53%,0
02/03/2018,FY2018_YouTube,Video,Lauren_30s,233,0,4.54,41,17.52%,0
02/09/2018,FY2018_YouTube,Video,Lauren_30s,142,0,7.83,51,35.92%,0
02/25/2018,FY2018_YouTube,Video,Lauren_30s,171,0,4.7,47,27.06%,0
03/27/2018,FY2018_YouTube,Video,Lauren_30s,103,0,8.69,34,33.01%,0
03/31/2018,FY2018_YouTube,Video,Lauren_30s,153,0,7.23,45,28.95%,0
06/07/2018,FY2018_YouTube,Video,Lauren_30s,227,0,4.59,50,22.03%,0
05/06/2018,FY2018_YouTube,Video,Veronica_30s,39,0,1.05,5,12.82%,0
05/07/2018,FY2018_YouTube,Video,Nate_30s,171,0,5.33,48,28.07%,0
05/11/2018,FY2018_YouTube,Video,Nate_30s,135,0,6.44,40,29.63%,0
05/13/2018,FY2018_YouTube,Video,Nate_30s,144,0,3.45,44,29.86%,0
05/29/2018,FY2018_YouTube,Video,Nate_30s,137,0,2.73,35,26.28%,0
06/01/2018,FY2018_YouTube,Video,Lauren_15s,"1,452",0,46.46,372,25.71%,0
06/05/2018,FY2018_YouTube,Video,Veronica_30s,49,0,0.92,12,24.49%,0
06/14/2018,FY2018_YouTube,Video,Lauren_15s,"1,128",0,45.2,274,24.36%,0
06/17/2018,FY2018_YouTube,Video,Veronica_30s,41,0,2,8,19.51%,0
06/28/2018,FY2018_YouTube,Video,Veronica_30s,44,0,1.27,4,9.09%,0
01/08/2018,FY2018_YouTube,Video,Lauren_30s,106,0,6.03,35,32.08%,0
01/22/2018,FY2018_YouTube,Video,Lauren_30s,126,0,4.52,38,30.65%,0
01/23/2018,FY2018_YouTube,Video,Lauren_30s,132,0,3.39,42,33.33%,0
01/31/2018,FY2018_YouTube,Video,Lauren_30s,66,0,1.44,19,28.79%,0
02/22/2018,FY2018_YouTube,Video,Lauren_30s,170,0,7.78,51,30.00%,0
05/02/2018,FY2018_YouTube,Video,Lauren_30s,262,0,5.69,39,14.83%,0
05/30/2018,FY2018_YouTube,Video,Lauren_30s,160,0,4.87,43,26.88%,0
06/19/2018,FY2018_YouTube,Video,Lauren_30s,155,0,7.24,33,22.58%,0
06/29/2018,FY2018_YouTube,Video,Lauren_30s,155,0,6.82,45,29.03%,0
